"geoid","percent"
1001,45.690999346451
1003,43.343220242609
1005,41.7469246286998
1007,36.4102641658725
1009,35.9753939581378
1011,38.334025346417
1013,38.1493461858328
1015,36.6472925126442
1017,37.0648990655856
1019,29.7646138836571
1021,35.1201179298937
1023,40.7901391359482
1025,43.4694762306376
1027,28.2676167533155
1029,32.7671754553908
1031,42.4078554507213
1033,37.5248076835661
1035,45.1310227568884
1037,34.2453469936186
1039,39.4657575866749
1041,34.0234747224145
1043,36.1541655463613
1045,40.0402346570987
1047,45.3644514409963
1049,30.2811688946083
1051,35.689293194189
1053,35.5670336608326
1055,29.8062551675661
1057,30.195654688082
1059,36.5280808308293
1061,42.2261384294476
1063,44.2212178572129
1065,39.0134910110463
1067,43.9299522487216
1069,45.348112294379
1071,31.806713733791
1073,39.1727479130447
1075,38.3847201343635
1077,39.4278115355794
1079,38.5946562989105
1081,38.2885458071525
1083,35.3388112692028
1085,42.4988864847512
1087,45.1835803570197
1089,35.5623636859698
1091,38.4882291722983
1093,37.8135703322903
1095,33.4622557807105
1097,50.8421422059502
1099,42.4342547423628
1101,47.1034858107636
1103,41.9228213751784
1105,48.8659294458836
1107,38.0534086273643
1109,34.7664936993475
1111,36.9934909335816
1113,39.2106159158493
1115,34.6125782859127
1117,36.847397248035
1119,42.6179011695284
1121,37.6506718336046
1123,36.9486865524805
1125,46.119799195028
1127,38.9234635233814
1129,41.642031287004
1131,47.7569116758312
1133,38.2764492774836
4001,42.3814130693347
4003,61.9089352721377
4005,38.405953259012
4007,57.1203391126127
4009,69.0323826949467
4011,70.1207825307715
4012,78.9002263581014
4013,73.1002901207242
4015,67.7465797622666
4017,40.8127101565379
4019,75.1563045284072
4021,68.6544535353655
4023,68.7353521336495
4025,48.2298266508289
4027,72.9490846761776
5001,42.0905485167304
5003,41.452456432424
5005,40.367570010461
5007,34.1692167371446
5009,38.4469600728217
5011,41.57212873511
5013,43.6532305174841
5015,39.164554033063
5017,50.0970932099553
5019,44.1526676701954
5021,44.707680757664
5023,34.0484044485592
5025,44.4891887391138
5027,44.4690994828677
5029,39.4710768092123
5031,42.4608213022956
5033,49.4289022121871
5035,46.2537532238321
5037,42.8592607378621
5039,43.2362708139216
5041,44.1892652931189
5043,45.5547174987407
5045,45.5367624616988
5047,43.1792826969204
5049,36.6052705366111
5051,47.6644987127484
5053,46.7910106200015
5055,43.5694914421586
5057,46.4173981579006
5059,43.8254344583521
5061,46.2490679167204
5063,42.9902880729785
5065,42.4714188412186
5067,39.9115657556596
5069,45.7593844821567
5071,39.0414861650273
5073,50.5591972150597
5075,38.6954351301917
5077,42.7025431009045
5079,36.5029300433383
5081,47.1509850937105
5083,44.9729873412702
5085,40.7667441515305
5087,35.857425616157
5089,43.3333026469309
5091,51.7287337238074
5093,42.9252916807498
5095,40.5878451860909
5097,42.3508817206594
5099,49.6451638818423
5101,33.2412483723529
5103,49.7121149116433
5105,41.5230636165741
5107,44.1711963000801
5109,37.2758100574898
5111,41.3147005456335
5113,41.6613957850844
5115,46.5237788214447
5117,44.374589248702
5119,44.059670738649
5121,42.5949678481138
5123,43.6239317295871
5125,42.8239241402248
5127,44.4477946398214
5129,36.8312732716562
5131,45.8066579929783
5133,51.7578723389593
5135,37.45437661479
5137,45.5751083676851
5139,48.9217818950072
5141,33.9081508325211
5143,39.9756536877329
5145,45.7811105626952
5147,47.4676981558512
5149,46.7187202004388
6001,45.3971653360146
6003,36.3159666520084
6005,63.2001686839043
6007,66.2883808584429
6009,63.2188260742934
6011,61.5954143833075
6013,55.4076035159765
6015,22.1145651576709
6017,57.0729665006756
6019,74.1643189457928
6021,65.8183712022819
6023,27.844232194425
6025,87.528950562325
6027,49.5914529017947
6029,59.1288285095372
6031,64.3147537344591
6033,69.4645232039897
6035,41.8305231722696
6037,60.528673248764
6039,58.1382323819732
6041,56.8496371481144
6043,51.1421685380124
6045,55.9449703535635
6047,60.9748386267558
6049,44.9462884656193
6051,33.1468575159909
6053,42.6191641544222
6055,54.6390051154546
6057,51.8361071340355
6059,50.1060094422835
6061,58.8707417557939
6063,41.7228793868781
6065,70.6501517195409
6067,62.8030619815438
6069,48.9738511891779
6071,64.5691956911746
6073,50.9983199555301
6075,33.839125618717
6077,53.6644979427794
6079,40.1377078169089
6081,31.6737224003129
6083,42.2656602432448
6085,44.8653189865526
6087,46.6808508569246
6089,77.2555070503607
6091,29.0539330846811
6093,39.3782899687005
6095,63.9411238769644
6097,62.2193909504703
6099,61.9873104458117
6101,69.8720076554228
6103,70.6622540176717
6105,51.1327012880153
6107,61.3276996447128
6109,58.104856518974
6111,56.8837480510427
6113,63.1652996217336
6115,67.536885287341
8001,43.2378171417709
8003,25.2367057676578
8005,35.761731070844
8007,12.4435136719797
8009,54.3666783439537
8011,51.9190595430438
8013,40.5606380850932
8014,31.9843332377857
8015,19.4860035968424
8017,46.3499943684142
8019,9.50713791633851
8021,22.8844777202183
8023,27.1830897297249
8025,51.9959925876519
8027,17.5293048495419
8029,32.4677693884356
8031,37.7979419914894
8033,24.1113369552044
8035,34.1810175667097
8037,13.817977660704
8039,30.515685057519
8041,31.0434310425845
8043,31.8259044563104
8045,28.9484206538741
8047,17.0105457881105
8049,12.4710452062031
8051,10.2245178457983
8053,8.98129019736106
8055,35.2845354792253
8057,21.7232806015571
8059,32.3248063468008
8061,49.7376222484063
8063,45.5408793522746
8065,11.8808448831695
8067,26.0198884175035
8069,30.0559521986366
8071,38.7742903392211
8073,44.3417620639092
8075,48.6450216022771
8077,43.4160313512596
8079,8.56196154758541
8081,23.0235370328077
8083,36.9108273285654
8085,27.954063911718
8087,46.1149321474414
8089,60.8085585844788
8091,20.7867664744503
8093,10.3409818652019
8095,50.4250012977923
8097,11.1380723299755
8099,52.676508191433
8101,45.7640866080004
8103,28.6880594241371
8105,23.8500906076216
8107,14.2371875877934
8109,20.137107459971
8111,4.67861933400594
8113,14.1285838260275
8115,46.0864209149959
8117,6.66887899449152
8119,12.1396061196154
8121,49.3922487904033
8123,41.5721704142437
8125,44.3605270069494
9001,30.2594502644872
9003,33.7861419759114
9005,18.9785110106618
9007,28.6980429545004
9009,31.7881732280013
9011,32.4722811168394
9013,32.1893563976572
9015,31.7171502004778
10001,32.2723593234283
10003,31.8126329607484
10005,28.6190677536117
11001,42.3812806612243
12001,47.0620688717398
12003,43.10354425083
12005,42.1131621370811
12007,43.0638589751499
12009,44.5004828117505
12011,50.7037321036498
12013,47.2488684632921
12015,47.3100650327069
12017,40.6557583575618
12019,47.0126245936126
12021,48.1910837865697
12023,44.0633119424224
12027,45.1818533888537
12029,47.0734344423014
12031,54.1896046187751
12033,47.4199228931859
12035,39.3704191518557
12037,46.738864823924
12039,42.513620235781
12041,46.2469152551816
12043,44.0190636150831
12045,44.5806620026123
12047,42.5406809213718
12049,44.8213957442969
12051,49.5581323662401
12053,37.1390310017742
12055,47.8918813742225
12057,43.3421933426935
12059,35.2383058098309
12061,41.9571119309422
12063,42.978858257616
12065,41.8109963919271
12067,38.9786220276196
12069,43.1347312728247
12071,41.7043890819444
12073,51.5195430241886
12075,43.8295791107145
12077,43.2650155350342
12079,41.2232225847661
12081,46.7503516848012
12083,41.6610039260069
12085,47.0490124443821
12086,53.5796291493705
12087,53.6346209364207
12089,41.3018675418743
12091,44.0604960892907
12093,48.2661470452838
12095,47.1192046566727
12097,43.7316318192335
12099,45.0505783901444
12101,43.0550889783462
12103,48.9129184890556
12105,50.2113816679757
12107,45.1718912776595
12109,38.6341967921426
12111,38.029748890831
12113,44.316526201237
12115,53.0836202084495
12117,40.6803442288303
12119,39.530989777292
12121,37.3136894144416
12123,41.9571712171835
12125,38.9938760966021
12127,50.9781618738083
12129,40.8143051863283
12131,40.4843229558749
12133,38.0315264770741
13001,38.6423215539637
13003,39.1575794335849
13005,42.4959458567149
13007,43.0776972605923
13009,41.3210943270668
13011,39.1497888885387
13013,38.5176281625155
13015,37.7452695439196
13017,39.2885130397092
13019,40.3002237736593
13021,46.3537849941974
13023,35.0759636075198
13025,39.5635086116973
13027,38.0843531324256
13029,45.1665133343659
13031,39.9444996667672
13033,38.0278809477794
13035,34.6495823122513
13037,44.0094294713097
13039,45.0177698599097
13043,39.9657733033746
13045,30.2867423087727
13047,35.7333249706829
13049,41.5148537399653
13051,46.6455139600246
13053,39.5669162457153
13055,32.7948141054614
13057,32.9666462912164
13059,28.3338367748989
13061,36.5697055460512
13063,43.4892562639585
13065,42.3432256104228
13067,36.1330066699062
13069,41.3691583556074
13071,48.2745896416818
13073,36.294559964138
13075,39.9261674214404
13077,28.656925038643
13079,39.3171616863889
13081,33.3584718088192
13083,24.3924275081332
13085,30.3220957866897
13087,44.7760966276149
13089,39.3514615276966
13091,42.3658329605339
13093,47.26501340858
13095,44.8632978708074
13097,33.3760101632711
13099,44.8641687609436
13101,44.094375892891
13103,43.9018646281839
13105,32.5774978561498
13107,40.8410825118978
13109,43.1744629031359
13111,27.549837473252
13113,30.4606278588943
13115,28.8376089931141
13117,30.9963852114786
13119,27.2522663496215
13121,34.3213552323326
13123,25.9712804136817
13125,35.5637276894296
13127,40.3835051425457
13129,33.1437908152191
13131,40.1810865975405
13133,32.5082224814
13135,38.8648426350987
13137,28.3494538760351
13139,32.376009585257
13141,38.2948304668206
13143,31.282792171007
13145,37.4912124282636
13147,33.0940162227904
13149,32.8881353260476
13151,33.1257004579747
13153,41.373649341001
13155,35.1959793691742
13157,34.5681188066919
13159,35.0091008569368
13161,37.8380790893291
13163,38.8494495710794
13165,45.3918377679953
13167,39.4472099825802
13169,38.8142331767943
13171,33.0856512635556
13173,42.2326488095018
13175,42.2403577273151
13177,41.8716890863614
13179,50.262339260702
13181,39.3209312668804
13183,47.4497677134651
13185,46.0531332831759
13187,26.2311861704247
13189,42.447603099546
13191,44.4450428047105
13193,37.1181508042934
13195,32.8098120142823
13197,32.5438432731012
13199,31.6072251823746
13201,38.7177447096684
13205,41.3717059100564
13207,36.9321495619017
13209,41.9515588235308
13211,36.8749852905998
13213,31.9583016564958
13215,46.2210982538927
13217,35.3591570046773
13219,32.4003580053044
13221,39.2453916517603
13223,33.9687011703491
13225,45.2847298189821
13227,17.5291969337115
13229,40.0947927635314
13231,33.4794998105103
13233,32.5081986656803
13235,38.7851074816953
13237,42.9329009898696
13239,40.2298734171452
13241,20.0886996667894
13243,48.5543418292879
13245,50.4844998122605
13247,33.9016501988702
13249,35.4087832773026
13251,40.6546452465257
13253,40.3765028384855
13255,38.835030689878
13257,32.0878587763245
13259,41.6862981619275
13261,43.6332433647925
13263,37.5603704556719
13265,41.682192500123
13267,42.1313709178222
13269,33.3579033164032
13271,36.1821171165037
13273,42.9810426394229
13275,44.3475443686011
13277,43.0443230297813
13279,43.7700957105398
13281,22.9864606234348
13283,36.3917283126033
13285,39.6279098390869
13287,45.243616507194
13289,42.3929938495793
13291,23.6504861285203
13293,32.9660152379972
13295,24.5972434882692
13297,35.3222059992835
13299,48.1857642160199
13301,40.4154140814566
13303,34.0500528531825
13305,41.9696500688895
13307,40.6385769642996
13309,37.8367531134875
13311,23.0683971063636
13313,34.7088624204642
13315,41.567810302947
13317,38.9957639542928
13319,37.9114619081343
13321,39.6668056791691
16001,34.192197968675
16003,22.5920005812655
16005,36.5901822429604
16007,19.6516734351815
16009,18.7382534251599
16011,32.1693288467707
16013,16.8179681469362
16015,27.0919312278159
16017,12.9998691944132
16019,26.8902009487115
16021,14.7739365368205
16023,15.6731099829931
16025,10.4233740451839
16027,37.4224805101226
16029,31.14769753075
16031,33.9504163375369
16033,25.3910028376149
16035,19.5919715183707
16037,19.1505496670575
16039,36.5427364712251
16041,29.2025917344981
16043,23.6819422870568
16045,30.0868678997562
16047,33.9678545911766
16049,25.7893171993362
16051,22.8370645738259
16053,37.6236127121195
16055,20.7258955287364
16057,20.0204392052492
16059,14.2411347351673
16061,21.8928687632095
16063,34.3437029759671
16065,22.840869372977
16067,32.1615292431647
16069,32.6741873682965
16071,27.8049167372699
16073,39.3117183555847
16075,36.8762839515671
16077,36.2607841020242
16079,17.0548137492625
16081,15.8727292281266
16083,37.8238873296422
16085,11.910393763487
16087,37.7457487767695
17001,27.3660769878881
17003,34.5793911804042
17005,26.2387920982688
17007,16.3648108981976
17009,29.8235763468454
17011,26.4247645771474
17013,36.5344074663001
17015,28.5204641459587
17017,26.33972001678
17019,28.4604191698173
17021,22.5114725488165
17023,23.9865131328471
17025,29.9586448064737
17027,35.4011082042682
17029,31.3016195888619
17031,30.937279144558
17033,33.605124630551
17035,26.76011329295
17037,20.7514002761341
17039,22.5150465217158
17041,29.9151609675337
17043,27.5147404424209
17045,30.9566859797753
17047,28.0129339283618
17049,28.7852068406946
17051,25.937679713296
17053,23.6376982908281
17055,34.455497531669
17057,27.1063058722704
17059,25.2116651522981
17061,27.1942507468463
17063,24.4934435960914
17065,28.5168875459736
17067,28.669020202529
17069,28.2684992737388
17071,23.8436260456081
17073,25.4100305219306
17075,26.0178465592199
17077,29.8738230931756
17079,25.2382582646812
17081,35.7900243925837
17083,26.0148101594431
17085,22.7528909870495
17087,30.2252089047713
17089,28.531591145648
17091,26.0376597006224
17093,30.190315541452
17095,26.1101081136849
17097,22.7139996204328
17099,24.0812286874014
17101,28.5937712367303
17103,18.1755834082996
17105,21.0855414714157
17107,28.7974027162395
17109,25.5174646266744
17111,25.0842738403724
17113,32.3953555201455
17115,31.0255807975879
17117,25.550293760303
17119,34.1059179481592
17121,33.1637151847414
17123,24.9465109528483
17125,28.3352732170434
17127,28.9707224120174
17129,23.9705146256428
17131,25.639456666052
17133,29.369902427105
17135,29.8894882055621
17137,29.194046661009
17139,19.7661913516342
17141,22.5316973404007
17143,27.1945446438557
17145,27.7059646914621
17147,30.1877354520971
17149,29.5822145894311
17151,26.9099051142768
17153,29.0604082365869
17155,28.5358405623762
17157,30.1337270418358
17159,28.3461744514123
17161,21.0608041022947
17163,36.850620284479
17165,25.1969250786814
17167,29.9742492427361
17169,19.8791503272305
17171,32.1229623897497
17173,26.4628445932321
17175,18.5399532341552
17177,21.9927304692634
17179,29.3516243090899
17181,33.1965316018424
17183,25.198823234764
17185,22.6182508798518
17187,27.4089482834204
17189,26.8514976103835
17191,23.3783126102943
17193,24.7455303336886
17195,28.4449715879779
17197,24.9581483688237
17199,26.5995163804205
17201,29.8470147227448
17203,22.2690097691279
18001,25.1582601635986
18003,21.7554588699542
18005,24.2742015307635
18007,19.6480672230776
18009,23.1575684785202
18011,25.0677300049783
18013,22.442798315676
18015,23.2053064618731
18017,22.2022566326419
18019,25.5803903218288
18021,28.1578180827265
18023,19.1482828151619
18025,27.4742972910297
18027,31.2930011889858
18029,19.2110134334256
18031,24.1390717684662
18033,24.519002295081
18035,21.626476027273
18037,32.8206791965974
18039,24.1824447917919
18041,21.4702186429629
18043,27.8920356830855
18045,25.6358721633923
18047,24.1493907803897
18049,22.9067781092961
18051,24.500109665219
18053,19.3973876244557
18055,23.2939729720571
18057,23.009722037216
18059,15.6083538200185
18061,27.7100885091204
18063,22.8378035578063
18065,18.2663520630912
18067,25.4572402687928
18069,20.2833057572552
18071,26.6523267677802
18073,19.9865122886531
18075,23.4720979418234
18077,32.445309373599
18079,20.5816344699556
18081,26.5765532615662
18083,31.0794208672847
18085,19.1409917491149
18087,18.3765216830139
18089,21.8206605924712
18091,19.284168774435
18093,27.7479511019809
18095,20.8402294707511
18097,25.9428130574289
18099,26.7585745737046
18101,27.1747723949556
18103,21.4661811187419
18105,22.4387947288396
18107,29.9329038883077
18109,24.2857539101791
18111,25.7363450546303
18113,18.8319963165934
18115,25.996931113983
18117,29.9730032491528
18119,23.2660444729762
18121,23.8684352394765
18123,28.3213271298812
18125,27.5240448607877
18127,16.6867416528179
18129,25.6372297496666
18131,24.144111309337
18133,15.2948713900243
18135,26.4092667627366
18137,23.3324678129158
18139,19.0295144173144
18141,27.4991516212808
18143,26.7844217915313
18145,20.707558985438
18147,28.6969950045231
18149,22.2421020588669
18151,24.1847355608875
18153,23.509726083737
18155,21.2603845422545
18157,30.4711517459633
18159,20.8641356311473
18161,23.4381797893727
18163,33.2017683652283
18165,24.483051974708
18167,26.9081924087326
18169,23.3462298548838
18171,30.1837572798969
18173,34.5808665047251
18175,26.1371738688942
18177,22.9614179866914
18179,22.5456176339656
18181,23.7087728200085
18183,24.5111555042233
19001,27.6174042861005
19003,27.7363826749876
19005,17.3311774433478
19007,27.1713116778806
19009,24.3814742167234
19011,23.6966641000281
19013,26.7869314809598
19015,25.1420002521143
19017,21.424073733273
19019,23.1262002720784
19021,20.3933422069747
19023,28.3292820401106
19025,23.4265822301781
19027,24.907905832302
19029,33.58720928925
19031,25.4208965857378
19033,23.9192703372861
19035,24.5430147814278
19037,16.479203202714
19039,20.8121699429421
19041,26.6595359772526
19043,25.7612949942249
19045,24.6211143066452
19047,20.2864328180639
19049,24.5361370877989
19051,27.7824488698111
19053,26.5614356710744
19055,15.4413462805736
19057,30.3392667747622
19059,26.9676492217149
19061,22.8932518123174
19063,23.9122317936
19065,18.7854824171206
19067,24.6277535683957
19069,25.6004435255196
19071,30.4016471756881
19073,31.8985906784239
19075,23.1973905995836
19077,29.2020044194282
19079,22.8274562089137
19081,27.0298370194707
19083,28.3626987671914
19085,37.4457166103183
19087,27.5129081650161
19089,18.1123247554567
19091,28.234866745878
19093,25.564313697874
19095,22.644110802971
19097,24.6371742564211
19099,26.6325598277333
19101,23.8817591393331
19103,25.3290027188094
19105,27.6564044574016
19107,24.4849861019643
19109,20.3323526363895
19111,28.813582336466
19113,31.6490361070837
19115,29.6532503791107
19117,30.3442826876418
19119,30.0260383075782
19121,31.5691738175183
19123,28.9197075121469
19125,24.0216589480896
19127,28.9202868332667
19129,29.1008907333761
19131,22.5580336251519
19133,26.7058746517968
19135,28.9660765958163
19137,26.7802308582192
19139,23.1520686596906
19141,20.4509504167329
19143,24.3203369312716
19145,33.379590808367
19147,21.3404188555651
19149,23.1160044116032
19151,28.8186741650828
19153,32.1808076384723
19155,30.3275319699321
19157,23.3663767375318
19159,25.6809548854273
19161,21.8266413982775
19163,26.6222552349183
19165,25.1724100091529
19167,30.1481529456071
19169,19.0668067686073
19171,25.1430853502852
19173,30.3248258427753
19175,30.1676287761503
19177,32.8894045456422
19179,28.8698017143695
19181,25.5801149116412
19183,29.2806745023674
19185,27.8730147460093
19187,26.1705609799772
19189,25.1105467986987
19191,22.82074969043
19193,29.2821679634041
19195,22.5140637566698
19197,28.0429125718786
20001,37.0238041276929
20003,37.0917074472786
20005,38.9248097598061
20007,46.0769687248076
20009,48.0570753049257
20011,36.5511936012272
20013,33.4086068754107
20015,45.5429104286882
20017,39.8589715212128
20019,40.1701871300069
20021,40.8698733791439
20023,35.5489761519068
20025,47.4890888522379
20027,45.9056421665061
20029,39.513016543879
20031,38.9870588473464
20033,50.2203677700749
20035,41.5739891545293
20037,40.3355735418923
20039,42.5422062424638
20041,42.5638801782631
20043,33.844924924308
20045,36.7275915053546
20047,49.9890863085655
20049,41.5655330445112
20051,41.7195428198432
20053,47.0045954673423
20055,51.9071060115912
20057,52.9433830574291
20059,39.88366169927
20061,46.2955153988614
20063,43.8865567189988
20065,40.4389065571583
20067,55.3091298198987
20069,49.5940823864682
20071,50.4071807526534
20073,41.2263958655514
20075,50.1380531839975
20077,48.086963875739
20079,41.6384083353101
20081,52.6867904106322
20083,53.884469960167
20085,41.5420927219704
20087,36.8921134186885
20089,46.2511830247908
20091,41.7595882280029
20093,41.5949611249466
20095,44.2585960757691
20097,46.5697409125863
20099,45.1149448846691
20101,43.0166423806964
20103,38.4536882397819
20105,49.6854919149408
20107,37.9027788289582
20109,41.6485084341315
20111,38.8455508401297
20113,48.9028667441437
20115,42.5668950374518
20117,38.5274687726428
20119,49.0185565216316
20121,38.9368501383184
20123,39.9129711767507
20125,47.0021375684917
20127,41.2971273098025
20129,50.0052783597427
20131,31.6561442448362
20133,37.4992681520868
20135,52.500274953755
20137,47.6445819710146
20139,39.8418357315928
20141,37.7256577351531
20143,54.5778641611604
20145,50.8982518970953
20147,42.515370188775
20149,37.2282379230931
20151,41.7488145123658
20153,39.8605201368336
20155,50.381923787248
20157,33.7294933094453
20159,44.7229973226407
20161,33.2962883237256
20163,42.1549674831796
20165,42.300461809589
20167,50.1022513494447
20169,45.2792456539357
20171,45.590746249075
20173,52.9375680929394
20175,56.905799327975
20177,37.5347717730027
20179,38.0791468589727
20181,43.578580357152
20183,40.5576086393774
20185,49.5365641788394
20187,47.3088051564731
20189,52.704240234378
20191,46.5437999682854
20193,44.0189221686749
20195,43.6708697569696
20197,33.7621354601235
20199,49.813339692513
20201,38.7495025105703
20203,45.5342608459787
20205,37.6315629525709
20207,40.5843828209399
20209,41.2105543434651
21001,28.1554496444133
21003,28.1891250293613
21005,25.9695272137306
21007,41.4159813647667
21009,36.5528909144419
21011,25.1257031601568
21013,23.742583812692
21015,35.0787549620962
21017,32.7744617383573
21019,28.3268107747082
21021,22.1280288581675
21023,29.4128351809711
21025,30.5181743131243
21027,34.5872584201465
21029,37.5572023665369
21031,31.577145758679
21033,38.333529988497
21035,40.1886841008226
21037,33.4352295493098
21039,34.3153596380423
21041,27.9208893540714
21043,26.0006753078482
21045,33.2220916827698
21047,37.4384621834127
21049,23.201289967173
21051,23.1996758222682
21053,28.9680159096882
21055,34.7410633564455
21057,30.1909000855755
21059,33.601074522891
21061,33.7265554844083
21063,26.5168251436008
21065,21.7192816302326
21067,31.8567847331048
21069,31.0579288783096
21071,19.8794521465526
21073,27.3404774129501
21075,37.2521051963968
21077,29.2278050800449
21079,26.9792637169489
21081,32.2035928531417
21083,39.8164334311572
21085,30.2701312018607
21087,28.5345179667429
21089,29.0387190946235
21091,30.91031023532
21093,26.6529407663996
21095,25.9574640455612
21097,26.2082512275496
21099,27.9088932133823
21101,36.0544937415124
21103,27.942926423229
21105,32.5635180477483
21107,39.0570717324668
21109,26.0612895745234
21111,31.4480383017423
21113,31.6133990193787
21115,28.2870177430652
21117,25.8407448329156
21119,21.6258904803333
21121,26.0950311945276
21123,30.0499364594481
21125,30.4017059066865
21127,28.8143126283477
21129,23.4371847133404
21131,25.4608806895055
21133,25.4089311716183
21135,24.4723107191274
21137,30.1037203800123
21139,35.8369172479306
21141,34.1612733626535
21143,38.3001337241996
21145,35.0623963828457
21147,26.4937490679187
21149,34.2493908431285
21151,29.3500784974424
21153,25.2336443352187
21155,31.1334796314177
21157,37.0065505874352
21159,27.8131869587106
21161,23.8631617206472
21163,28.2088331505991
21165,27.1493589423185
21167,30.7266985210048
21169,30.0182687146509
21171,32.6272045002613
21173,31.4643825848805
21175,26.1784270138168
21177,27.90538105796
21179,27.3260377246026
21181,25.6740372528791
21183,36.6563634890664
21185,29.5411707745947
21187,26.675141550531
21189,30.0642017193168
21191,28.3594092466164
21193,28.1312265338354
21195,26.1079865390975
21197,23.6866369887091
21199,20.7394310320531
21201,25.4268687957612
21203,32.0097909430688
21205,23.5623396496431
21207,26.065238049785
21209,21.3373715917993
21211,30.9977584179349
21213,36.9414544090898
21215,32.3501490653861
21217,32.1095160936153
21219,34.0269143035028
21221,33.168520159215
21223,30.8476520271922
21225,31.9524242866318
21227,27.6539706281585
21229,27.1895510911697
21231,27.9969755461735
21233,34.7640754041938
21235,32.9416818829617
21237,25.2024124125102
21239,34.0411546331277
22001,44.9308769234773
22003,44.0741646532969
22005,47.5002837860777
22007,57.1958975376697
22009,46.8664412551995
22011,46.0370112212139
22013,46.0597978162802
22015,47.3610811405246
22017,42.0540869666951
22019,49.3077673327905
22021,42.7445125615173
22023,43.4693806734902
22025,43.6702743225111
22027,39.7640607771949
22029,47.1047752467999
22031,44.9725336587885
22033,49.989357240167
22035,44.7611227612753
22037,40.0143238867735
22039,48.7714197202511
22041,44.4461350655062
22043,40.7193371680817
22045,45.8026270738573
22047,46.1032959118262
22049,42.4113451504107
22051,57.58408268012
22053,46.0469650825762
22055,52.6626075039547
22057,48.6935534697876
22059,47.8039330836643
22061,45.4920752744817
22063,40.9892137180963
22065,48.7210498783477
22067,47.4507168166601
22069,47.9860520665553
22071,53.141785487903
22073,45.4459910369924
22075,53.3526946285251
22077,44.5006556192109
22079,42.162078303618
22081,46.9024312285799
22083,43.7457296743892
22085,48.9057126908589
22087,53.6738536894183
22089,48.9366927503058
22091,49.6345818607365
22093,50.2421210297745
22095,53.2343548853873
22097,45.4150543494758
22099,46.2926746972676
22101,51.9943469576766
22103,49.5570386272312
22105,45.7583656782742
22107,45.8415990325528
22109,51.2795784343824
22111,45.8830536966326
22113,50.2189356835418
22115,46.1030925786574
22117,40.7483966880535
22119,44.1377644989098
22121,53.3078660457839
22123,44.1778924249945
22125,44.6737939352341
22127,44.3999001443754
23001,20.8276670825932
23003,14.7290683212145
23005,20.7605927642336
23007,12.3445670623999
23009,16.1017268632208
23011,17.668503645944
23013,22.43484165228
23015,16.4656218291132
23017,14.4194629931386
23019,13.8507351940668
23021,11.3896715188071
23023,18.6613034765843
23025,17.1710959846906
23027,21.7975498564567
23029,17.8683463715313
23031,24.6603722231359
24001,22.0591063786827
24003,37.0961463483871
24005,37.3956570218839
24009,25.8888882165391
24011,29.1011512504534
24013,24.1847418385331
24015,29.8824826885449
24017,29.4708946176494
24019,33.6335098149839
24021,22.2718354018479
24023,19.2451186020747
24025,32.1051490524176
24027,34.6452908765221
24029,31.5757263663356
24031,30.452933179705
24033,40.1161614717561
24035,30.2221466044482
24037,31.2594932770682
24039,34.6178857942218
24041,35.5852653695923
24043,23.7837568699132
24045,38.0202597095953
24047,36.8952622700271
24510,44.5914346623371
25001,28.7570562615449
25003,18.823246019466
25005,33.6912842692426
25007,22.7166926985548
25009,28.4702184411801
25011,19.1605172802392
25013,32.9422464548656
25015,26.2153906325777
25017,34.7023688951662
25019,24.0124354193518
25021,21.4892180664471
25023,33.3156085403998
25025,38.8512227292629
25027,27.5664342369396
26001,13.2104845664742
26003,10.8905277003912
26005,26.0897781375431
26007,14.0964309854895
26009,16.6485412467197
26011,13.4684818447681
26013,12.4693290140184
26015,18.5049997757105
26017,14.9369609509952
26019,15.3804373517008
26021,23.3713231841899
26023,18.7329940097727
26025,19.6646616243946
26027,19.4308449865905
26029,14.8480898197658
26031,14.3353863804953
26033,7.98126742476014
26035,15.3318673576652
26037,28.5259206680966
26039,13.3015365283218
26041,14.6196475294865
26043,18.0624019663032
26045,15.8903485235603
26047,14.6742002183627
26049,14.8540604637916
26051,20.1293269363035
26053,10.8052015469675
26055,26.0313617098783
26057,18.2818083477261
26059,20.3848551452936
26061,15.3912543574413
26063,22.9564196718813
26065,19.8757926733019
26067,15.8511090787572
26069,13.6723714428105
26071,11.0433592067824
26073,24.9730016836508
26075,23.1564407606642
26077,22.1321050264692
26079,19.3607171728793
26081,25.0572516622641
26083,12.2372342466005
26085,18.6870165549243
26087,20.2587285885626
26089,19.6922524813485
26091,19.0301982790213
26093,20.5996231990516
26095,11.7943706724993
26097,16.2532724354566
26099,22.5994466781522
26101,15.0426779924483
26103,14.3575013229957
26105,20.4088700950511
26107,18.6426069828033
26109,16.9333336929834
26111,19.8652391250261
26113,18.5832758766532
26115,28.118253306476
26117,9.26398862219877
26119,20.8083537796914
26121,18.2810205380178
26123,22.739855533695
26125,28.1286050306285
26127,23.0880619166925
26129,15.3481017690955
26131,19.5111231434565
26133,19.5005074844588
26135,18.4430220442894
26137,17.2999794105052
26139,22.8110001902855
26141,12.7193812971379
26143,17.7125562836656
26145,21.0435217516412
26147,17.3069041119382
26149,15.6590201682561
26151,18.9456259625818
26153,14.1492929951859
26155,20.0658476679674
26157,20.4234524116244
26159,17.928141747045
26161,24.3922895503525
26163,29.2001831024441
26165,11.2984317931049
27001,10.8892908036184
27003,20.677185904731
27005,21.4723659550052
27007,20.5335397566084
27009,15.1750174953191
27011,24.3895216072067
27013,19.5330695971341
27015,22.8850547578163
27017,14.7340696655911
27019,20.0306699155457
27021,19.4786383564798
27023,18.4729858449093
27025,19.6926384738571
27027,24.3921389698646
27029,16.5419685698601
27031,9.24826679800704
27033,20.9598731085473
27035,14.0547672770824
27037,19.9745460924819
27039,19.4770727876624
27041,16.1545090298843
27043,25.5262515374248
27045,22.4317246174727
27047,17.9662425127675
27049,31.9311339627808
27051,21.4386213272377
27053,23.1614546477062
27055,25.9014892759785
27057,20.7060465828337
27059,16.7287073529634
27061,13.858892875495
27063,21.0053979121185
27065,22.1595791830936
27067,28.8228099255724
27069,19.3928153823554
27071,12.732115995856
27073,23.7445748905743
27075,8.71794612792716
27077,11.69925080958
27079,21.5110066748133
27081,24.5557663394749
27083,25.8505739349227
27085,22.3860289755618
27087,21.0767224792968
27089,20.0982722289345
27091,20.673830534026
27093,23.0176551882027
27095,18.507403706975
27097,21.1683185573644
27099,21.4696772025274
27101,24.906347226367
27103,26.3770414634466
27105,21.0338120385629
27107,16.2966202968363
27109,25.8353495757154
27111,16.4528045815537
27113,18.0272898305323
27115,18.2769827563458
27117,21.7635945070378
27119,17.9377568396437
27121,17.4659571787677
27123,27.8255047372127
27125,20.9299587087089
27127,20.5914722981841
27129,22.7834293442197
27131,29.4739655428989
27133,28.6054896427424
27135,15.3518761964592
27137,9.6498172802147
27139,21.5807232348678
27141,22.2267279784277
27143,29.6534915170331
27145,19.1484783431484
27147,24.1078047115437
27149,21.5292470357526
27151,24.9925219906572
27153,18.2771678121979
27155,24.8557159809393
27157,20.101124148802
27159,9.34645106640659
27161,22.6839403985504
27163,28.0501250016671
27165,27.3371619753635
27167,24.142606475666
27169,20.5065376083969
27171,22.442596653285
27173,24.7891639644336
28001,44.8315595779425
28003,35.4917778150252
28005,38.3590156422316
28007,43.1143160921305
28009,39.1680122119664
28011,46.3610010793079
28013,37.3512970314233
28015,32.5242304115551
28017,43.9477417905852
28019,39.837227114166
28021,45.6378204902861
28023,37.1023859059666
28025,35.0157962591015
28027,44.2636199192974
28029,45.9933447203569
28031,43.9898269562033
28033,40.2734361915616
28035,42.770272218387
28037,43.6578850223921
28039,39.8584543605822
28041,41.2108035289833
28043,40.4800207568732
28045,41.1062560026617
28047,47.5688359383444
28049,48.793440620649
28051,40.2552440554099
28053,44.0735653059733
28055,48.7980757606672
28057,37.5298955413991
28059,41.5468043003388
28061,38.4631887316503
28063,43.2683468206264
28065,38.2264669082484
28067,36.9969901947988
28069,42.3923010284725
28071,40.1175852341796
28073,43.7714592435372
28075,39.5076332680997
28077,41.432848797257
28079,45.5726374936178
28081,42.6553320054544
28083,50.0637581120959
28085,35.2594566528913
28087,45.7740302563477
28089,38.7382299113997
28091,37.0272935010595
28093,45.1435838722646
28095,39.0187252154577
28097,35.3678198521018
28099,41.7964840083008
28101,38.762345500242
28103,44.7805198865931
28105,38.8329536724419
28107,41.621408487161
28109,41.9767591439761
28111,40.901357315226
28113,43.4782237095985
28115,37.1183023848069
28117,39.8030477823634
28119,49.8348382132768
28121,40.2452771586566
28123,37.1023224946653
28125,49.7971952981104
28127,41.4551309246613
28129,37.7631035146924
28131,42.0815541818961
28133,45.4683377135529
28135,47.8445917440821
28137,38.021705727957
28139,40.4805656850315
28141,36.9083407041946
28143,48.752543875632
28145,39.4151897655779
28147,44.7690305937881
28149,43.2438116670498
28151,45.5529099972396
28153,43.7333765837449
28155,36.2335643258832
28157,48.2874931309835
28159,37.8196691473283
28161,38.6429250891792
28163,43.5904385542236
29001,26.7500237985548
29003,31.522140277744
29005,36.549873639227
29007,30.9696908359884
29009,32.1986804946448
29011,31.5920650331992
29013,43.6160793161588
29015,37.7299431933917
29017,24.5156852481391
29019,32.7138907684192
29021,37.9811283503511
29023,30.4163889904413
29025,30.4489144770711
29027,27.0969123821681
29029,35.1750880316122
29031,34.0305748056757
29033,32.5111362404728
29035,31.7585924554936
29037,32.7412115891137
29039,36.1974112690805
29041,25.1354283365277
29043,28.9656795483959
29045,27.8114785335166
29047,36.4968374135635
29049,31.0737829712252
29051,34.3429466751489
29053,33.2134416433816
29055,25.2125874998806
29057,33.2730006395561
29059,31.41293657866
29061,29.3541785752009
29063,34.3161605915334
29065,26.5625112935741
29067,30.7432331544236
29069,35.0021778717938
29071,29.4687561023338
29073,26.6897759561013
29075,34.8895633888742
29077,32.777730958695
29079,33.8301906367517
29081,27.7817526533825
29083,31.9378654208254
29085,34.1911799167186
29087,36.7144884044174
29089,34.5044062190767
29091,31.0273287950207
29093,30.7650492824207
29095,34.9089410499142
29097,33.2148312711491
29099,29.9589258871536
29101,31.4651597185013
29103,30.601668077467
29105,29.1697923189257
29107,27.6076838753552
29109,31.0973795494081
29111,28.2916675893612
29113,30.9698587082618
29115,31.6830241626571
29117,39.3166424291612
29119,32.6162984118473
29121,30.8380337951563
29123,30.0294439958126
29125,29.4580526062884
29127,27.4242230057327
29129,33.2879158069788
29131,34.4769979341357
29133,38.0261082229859
29135,34.8659330314349
29137,30.4206110687399
29139,27.3281417584103
29141,31.6953505503894
29143,35.0530036071997
29145,36.0304267452546
29147,30.4842412186268
29149,33.9662810921541
29151,32.5830461083152
29153,27.9229092529265
29155,39.5498722934704
29157,32.8106924053343
29159,36.6773690072951
29161,29.3738881606852
29163,31.982299428681
29165,40.7578784684808
29167,25.8413928566478
29169,29.751203895181
29171,29.430361135242
29173,24.2600749688531
29175,28.6980047986231
29177,33.8142596162888
29179,29.8444442497198
29181,32.0562920870736
29183,31.762795604268
29185,31.0198847966027
29186,30.7308961963626
29187,28.2363675029011
29189,35.2098825362775
29195,40.4880491525955
29197,32.7172357609089
29199,30.0710348988579
29201,32.2349820489528
29203,29.0282886624737
29205,31.1432697533482
29207,38.590151161951
29209,34.476600633634
29211,30.3433560973468
29213,34.7721375836303
29215,29.289706748668
29217,36.5103884028887
29219,32.6382643956587
29221,24.9104721237752
29223,26.9422487957553
29225,25.861326704056
29227,26.3273142150983
29229,31.5416906318274
29510,40.3057635389835
30001,20.90465925776
30003,38.6840820604232
30005,34.3749112522186
30007,27.2363817990937
30009,18.3184255234391
30011,31.8507292723544
30013,25.9701724233786
30015,31.1349387924741
30017,41.9564955153633
30019,33.8506482077143
30021,36.3556043161022
30023,22.2792769438694
30025,28.9969482251441
30027,27.6480499469338
30029,24.615996985621
30031,23.3570444809144
30033,38.0379173385513
30035,21.4120008370514
30037,28.9875288010603
30039,13.7455315135688
30041,32.85835311344
30043,13.2842085314927
30045,16.1494606400982
30047,25.7165644623354
30049,22.6592782827965
30051,28.4383750224728
30053,18.2237612260992
30055,35.9541270154026
30057,18.4876975312548
30059,26.8195451248146
30061,15.9432433642858
30063,18.5573340843484
30065,41.4972441730302
30067,19.4703146949855
30069,37.928725211069
30071,39.6821847715775
30073,22.6310104944341
30075,32.5140177955864
30077,12.4755445756708
30079,40.604924078857
30081,22.0502176347829
30083,32.1517482071203
30085,43.8844976789908
30087,41.4796978280709
30089,23.3047449932162
30091,32.3155305767265
30093,20.8022585944813
30095,29.4570252913402
30097,24.7151699524882
30099,29.8128505077144
30101,30.8049102420889
30103,37.7417499789336
30105,37.473049980216
30107,22.8466530722577
30109,33.9527262559421
30111,39.7213178120835
31001,34.4869887434264
31003,27.2029616054808
31005,31.5532761958027
31007,33.7277644641087
31009,30.8179601326722
31011,26.0632741423265
31013,36.5589362055349
31015,29.3182476903675
31017,34.8265219350587
31019,37.2070603360867
31021,29.220671045248
31023,35.3471840238449
31025,32.8315010848847
31027,30.5123318645957
31029,36.7087788046149
31031,37.9621648820917
31033,38.1796387622173
31035,35.9808691356096
31037,39.6961647028979
31039,28.4458787946002
31041,24.5774357276054
31043,36.5776483633998
31045,30.965065499141
31047,37.0003084224728
31049,42.6917699338651
31051,30.7807748066421
31053,32.9196219052349
31055,30.3159570653705
31057,38.2424245896959
31059,35.2447548755277
31061,40.7035825269384
31063,32.3303550629137
31065,42.8082914206096
31067,33.9735938627821
31069,35.1073217952464
31071,31.0654038464024
31073,31.2323844774408
31075,30.3489857499711
31077,34.9073347604941
31079,37.712351584728
31081,33.3016327666609
31083,36.2278251889793
31085,36.5495756184127
31087,37.3046411820703
31089,32.6364467977918
31091,35.6954292590609
31093,32.8926615857776
31095,35.4617965403345
31097,34.0801190000793
31099,30.9660879832699
31101,38.0335176443035
31103,35.8169576495208
31105,26.5807783155797
31107,33.2483465234063
31109,40.6290258493535
31111,37.0357134567815
31113,33.273127627311
31115,39.0975623352237
31117,29.4862685974057
31119,38.057142425308
31121,30.3544379973257
31123,36.8099210189348
31125,32.3491672794563
31127,31.5545237849196
31129,39.3112853076717
31131,31.0056809324309
31133,42.8262200105655
31135,40.3292439141493
31137,34.5913723931476
31139,30.4685701439632
31141,36.3676271300351
31143,31.9748487304304
31145,40.7296648612983
31147,37.8931970755238
31149,30.5163910837636
31151,37.1122406144097
31153,31.2762055506803
31155,33.1520353403309
31157,32.430571576307
31159,34.3562962647244
31161,36.390568720554
31163,36.4615599332687
31165,26.8072678641996
31167,34.4120571609921
31169,35.3432816054662
31171,34.2525668069009
31173,35.2763675768094
31175,33.5732994553585
31177,25.4908080935833
31179,32.0026525202352
31181,33.0829747048799
31183,27.5500919184823
31185,36.2383097916621
32001,34.2073937357469
32003,72.478509476552
32005,26.8975464054045
32007,30.0993822718385
32009,37.27046394953
32011,33.30073776606
32013,35.7188881865592
32015,34.9242063935816
32017,43.2776427741847
32019,36.8701302438103
32021,42.6127057359842
32023,58.2777365568357
32027,37.1328241576663
32029,31.9336549471824
32031,35.8988086589477
32033,23.4368917612569
32510,31.1210793413965
33001,20.3094705999296
33003,20.1432684844303
33005,22.9091873673994
33007,22.4803294209049
33009,15.2588034539553
33011,24.8761261766891
33013,24.2655495384873
33015,28.1071351101628
33017,27.3394120526483
33019,18.3697822734529
34001,30.6956079300456
34003,31.230499617034
34005,34.5142287068539
34007,33.9622144004593
34009,28.902312711169
34011,33.0301088754323
34013,35.3691804585272
34015,28.5208914824198
34017,37.2367290334387
34019,24.2631213443029
34021,33.7299646627305
34023,37.1242908167112
34025,30.2661515209831
34027,28.4515307967753
34029,26.8296911375816
34031,31.9989219122309
34033,30.1723744442992
34035,32.6740303451086
34037,23.2343132312298
34039,36.4184352628549
34041,23.3397294084801
35001,45.0798166322055
35003,28.4007952134138
35005,59.9253683161015
35006,41.9866629330877
35007,43.2252757536034
35009,68.8852543584497
35011,66.4476509220786
35013,66.7425946826031
35015,71.7535631127731
35017,47.9879501355234
35019,61.5394458341335
35021,55.2018136734483
35023,71.9555136677212
35025,74.2182968200054
35027,39.4727762869205
35028,35.8241930579976
35029,69.5399761180787
35031,39.0424193993311
35033,26.4858261786254
35035,58.6295853373153
35037,63.3937658926719
35039,42.7971657399434
35041,67.5228962724465
35043,47.8565870091541
35045,48.8637698133908
35047,37.2486246907798
35049,42.0594384702162
35051,57.8752750898904
35053,50.9262195970154
35055,29.3031339136325
35057,47.0597786840458
35059,47.9974381727522
35061,57.2137955466953
36001,23.6831583283347
36003,15.2325430894574
36005,40.5637134759742
36007,15.2224185277866
36009,13.3567424474635
36011,19.0386723124924
36013,20.2178209000702
36015,27.2863649463484
36017,18.5090855711178
36019,16.0099281477792
36021,20.0880511326675
36023,16.9889871642841
36025,10.8355096803017
36027,29.6883703690412
36029,19.0182285418641
36031,24.4299734500891
36033,18.4826418073294
36035,20.0723252456766
36037,25.9887898783861
36039,18.1596657419405
36041,8.14610318208258
36043,17.6237283023451
36045,13.1702650130754
36047,38.3858614276536
36049,15.835825868571
36051,21.6790886058841
36053,20.443371644879
36055,19.7314462135988
36057,21.9366418990854
36059,34.2926980354708
36061,39.0649676655215
36063,20.8473583393454
36065,18.7138449317816
36067,21.4150791248502
36069,17.8020912461564
36071,24.5538011075891
36073,25.2508572910331
36075,21.4303625099366
36077,11.0873796765332
36079,28.3324230652754
36081,39.778565615704
36083,21.2786204066894
36085,34.5139158295837
36087,31.2455209024705
36089,17.3909839726692
36091,23.8735121814395
36093,21.2107859625273
36095,20.6222515239409
36097,15.1594674082441
36099,15.8661636593093
36101,13.6036720168622
36103,27.3297367052464
36105,18.2039887536677
36107,15.5207674399784
36109,13.5041703603666
36111,25.2659692175927
36113,22.5468570191516
36115,17.6441165335443
36117,16.6189493159594
36119,29.1958862939013
36121,18.1073948478951
36123,17.5965927834368
37001,26.6753432953903
37003,29.8531904142493
37005,23.2196636579934
37007,40.0208341787556
37009,12.2147901700335
37011,12.1435432519173
37013,33.692563721483
37015,40.053600807337
37017,44.9649832531696
37019,40.452358635029
37021,25.0408375634533
37023,30.043999635282
37025,33.112739214369
37027,30.2319518642848
37029,37.6993437786708
37031,39.5892510529364
37033,34.4651812213927
37035,31.8462861970731
37037,32.0682026060927
37039,23.9131441211938
37041,43.9298870752864
37043,19.5562861782137
37045,27.7851506872914
37047,46.6923827234943
37049,44.2944583604518
37051,38.4429889502749
37053,37.1477220580659
37055,32.2351112035354
37057,31.3481566541226
37059,33.4574432513575
37061,43.2699209514674
37063,36.8634491470687
37065,39.801959003116
37067,34.6013775892447
37069,39.4322297078762
37071,33.0885236853183
37073,34.5184224945676
37075,20.1297696639798
37077,35.2394991362903
37079,33.8260705677041
37081,29.6599906588399
37083,34.4225159529758
37085,37.0520728138956
37087,16.1156373161992
37089,24.3859980197487
37091,31.8416266163752
37093,40.7429658503423
37095,33.6172196679224
37097,32.9553423221098
37099,18.5663108995307
37101,38.0527028769454
37103,42.0118571781167
37105,37.8397130701324
37107,36.3139043115142
37109,29.189811170291
37111,28.293917105006
37113,21.2295425555335
37115,17.2733731089857
37117,40.6475772943475
37119,38.1994885883069
37121,21.378314453135
37123,34.292794628361
37125,34.6504082965319
37127,36.6119975951849
37129,43.6533699106871
37131,38.7972462323795
37133,42.7763845079603
37135,33.4349131439763
37137,39.2608583040228
37139,40.7485856827109
37141,42.8481192814765
37143,35.3146564051927
37145,29.3458623963837
37147,41.7432251918586
37149,29.0571705009948
37151,32.4864703847372
37153,39.1597456574987
37155,49.5306871243975
37157,31.6988682623551
37159,35.171228460088
37161,31.2823907210891
37163,40.6701148825649
37165,40.9862071121418
37167,31.3426263143864
37169,33.8206432320322
37171,27.2688246467304
37173,18.4656559909819
37175,19.1416225513792
37177,41.1420182022207
37179,33.4181340173231
37181,38.991691105835
37183,40.6264107254675
37185,35.9195832674593
37187,37.7497435378894
37189,14.3436245379026
37191,40.2913414972543
37193,21.8796130980757
37195,37.1668775238366
37197,32.6413847706433
37199,16.2323362092117
38001,26.024213615568
38003,22.3296784815384
38005,25.0824154146895
38007,24.2912731086806
38009,23.3532796964931
38011,21.1968542683795
38013,25.4464642945835
38015,20.7660588657741
38017,18.554608088106
38019,14.1042074473785
38021,24.8970045236586
38023,20.7684264348696
38025,27.7043902659211
38027,17.7298827753783
38029,27.1883175528127
38031,15.8842053651098
38033,25.0442975502381
38035,24.4635299712849
38037,26.3475352344976
38039,17.8958427167916
38041,26.0327871828589
38043,25.4908831067499
38045,19.5905548241726
38047,18.7406682597163
38049,24.6668729669754
38051,24.8216758880814
38053,29.6952093703157
38055,25.2965436683339
38057,26.7726062515479
38059,23.8755767923651
38061,24.6271633200108
38063,15.8677166860785
38065,21.7438127224505
38067,23.3900546260955
38069,19.0677548226705
38071,19.4601843423337
38073,22.3858444320686
38075,23.1783815633491
38077,23.1479564126467
38079,16.9462820912178
38081,22.4177665436128
38083,27.4025012262508
38085,34.2055573387959
38087,25.9219674950131
38089,21.9011454667952
38091,15.993937934147
38093,22.0877495633397
38095,24.4848822273678
38097,21.3084622609727
38099,26.5636034749934
38101,23.9201281320217
38103,17.3798593068166
38105,19.6255491630846
39001,16.8632752629741
39003,24.7983232455622
39005,21.7562133290476
39007,14.0482469497704
39009,23.6749168427021
39011,26.4885643661778
39013,24.3744043833442
39015,20.7834127398757
39017,25.7948499678926
39019,18.9499288578799
39021,20.8395939103386
39023,22.9093685247122
39025,22.9739581725989
39027,24.1282415035586
39029,17.1230223530881
39031,23.8944157468549
39033,24.4169558705932
39035,16.2991191917209
39037,22.8849381000535
39039,20.9192900721575
39041,19.7237099940885
39043,21.820336441548
39045,21.8457116125793
39047,20.5068819759318
39049,25.1654824337245
39051,25.9846008731782
39053,21.5571283392722
39055,19.513354888706
39057,18.7639229544675
39059,20.7812128018051
39061,31.1724170415477
39063,18.0371360612006
39065,20.6199072254419
39067,16.6938242721474
39069,23.8818546751896
39071,19.607787969106
39073,21.6231321402648
39075,18.6327460117734
39077,21.3812115933608
39079,21.5349837519643
39081,18.230229229485
39083,22.1086618162285
39085,15.0652671854848
39087,23.27236018885
39089,19.714773701258
39091,21.6173284866097
39093,18.0226432006287
39095,20.9355927244746
39097,22.1955841655374
39099,17.7936659070866
39101,23.8345384284074
39103,19.1254173375777
39105,15.501968798643
39107,21.5064185369408
39109,18.7790938772336
39111,19.3790402102004
39113,29.6990860186549
39115,19.0393110595317
39117,21.1522063338695
39119,21.5852447855112
39121,20.246798969642
39123,24.9124914797672
39125,20.474987388081
39127,23.3332841572614
39129,23.8605536857481
39131,21.9456642266797
39133,23.011779817733
39135,23.6652193390653
39137,16.1111385412531
39139,18.6699772659064
39141,24.0932579916402
39143,18.5814837266642
39145,22.3942760423063
39147,22.6246932421778
39149,20.1831964099687
39151,16.4864025243229
39153,25.5330972428432
39155,28.8935347576177
39157,16.4461313797631
39159,20.4590816213618
39161,22.4361004293665
39163,16.9780834655157
39165,22.1794136967961
39167,27.0990825052291
39169,16.6690242028008
39171,19.2330796603999
39173,25.5520821749416
39175,20.9535588284471
40001,46.0054784416729
40003,60.7438587926261
40005,54.3679042581106
40007,59.3459222767843
40009,71.2854734673896
40011,64.195203897483
40013,53.3575035709193
40015,52.098902794563
40017,55.154590489515
40019,59.229584179919
40021,44.5186414735597
40023,49.9576600463231
40025,59.461527773728
40027,59.4835086098024
40029,54.7208136468258
40031,63.090735601941
40033,62.6761136296997
40035,48.4097357945637
40037,49.3925976455544
40039,59.7504450520439
40041,49.1078745630318
40043,61.3751199091096
40045,55.9977432840533
40047,57.8361006979859
40049,58.1156832909717
40051,58.7820391642242
40053,61.8998440148642
40055,63.9911481177806
40057,67.7048271909937
40059,65.944118372656
40061,56.155301572502
40063,48.1186000051439
40065,66.7029768058377
40067,63.9868616228494
40069,55.2201748480591
40071,59.1792712614817
40073,55.0146627785158
40075,65.4028025088449
40077,50.4982667218055
40079,44.3559839513071
40081,53.1824884987227
40083,58.2691410201247
40085,54.8378915604706
40087,55.4965336052249
40089,42.8401670764602
40091,56.7780621807155
40093,58.7174674062224
40095,61.8452392080005
40097,46.3911174542838
40099,53.1690886735741
40101,53.3457537086823
40103,60.6316854696456
40105,52.6606811648568
40107,54.4704404866396
40109,60.9412209387534
40111,46.9556241140515
40113,49.5180584639229
40115,45.6902732166466
40117,60.8053475803932
40119,50.8942090564753
40121,52.2379789096125
40123,53.0401030584301
40125,54.0440839616858
40127,51.9136591423042
40129,56.8763203788844
40131,53.1529578170731
40133,56.4750106975337
40135,52.2044366861527
40137,56.2642252128914
40139,62.8806681532738
40141,65.4397672757722
40143,51.2706806911555
40145,53.9031850798042
40147,53.8052857116158
40149,56.3309775384823
40151,66.8468364066341
40153,60.7215144585467
41001,33.9388251584252
41003,36.8077478496898
41005,32.3717819766411
41007,8.56493757741197
41009,27.2394910231227
41011,20.9145341664417
41013,31.2113636706463
41015,17.1704138662953
41017,36.1044761891801
41019,42.6444354259702
41021,45.7509463715289
41023,31.6226533304441
41025,39.8325432386076
41027,35.1289419296412
41029,40.3680369662307
41031,36.5069088986666
41033,54.1421098696324
41035,38.6251670862138
41037,42.7557635423363
41039,39.1963098407427
41041,17.2869948446531
41043,35.8593653277465
41045,56.3322635779221
41047,40.2667957273065
41049,50.3871559812363
41051,41.3377624264809
41053,39.5964851975932
41055,35.916897551779
41057,13.7496706287577
41059,45.0210382582768
41061,37.020648353664
41063,36.2633511262855
41065,39.3027426962843
41067,39.7757062476413
41069,41.2872569567682
41071,36.5247067146081
42001,21.7458193610067
42003,31.1297728781781
42005,23.7424065844177
42007,20.3776248060246
42009,18.8938447358286
42011,28.7332748652588
42013,18.9085369323184
42015,17.5144118338565
42017,29.7676881519393
42019,24.7924199042623
42021,15.2352254805703
42023,15.3343572233785
42025,21.9006828908044
42027,23.1447696905629
42029,28.641787247086
42031,21.0010701210531
42033,15.7216871764883
42035,18.0564596195935
42037,20.4719686372505
42039,17.2885531290012
42041,28.424081996215
42043,29.8701272627637
42045,31.0226300616287
42047,9.62446339031529
42049,17.6807059125077
42051,22.1803097686815
42053,16.5176136330941
42055,25.9420845692544
42057,23.5374972821889
42059,21.5306821412869
42061,22.7170039160759
42063,22.3883850279283
42065,17.5879212211681
42067,20.3796748498889
42069,22.309331646207
42071,28.1665571490265
42073,20.6139610748113
42075,32.3604240122121
42077,29.4381108992402
42079,20.7162593564802
42081,17.3304923741031
42083,13.9319911390386
42085,17.1793202131242
42087,20.1959203209717
42089,23.0819678847288
42091,33.7865968514024
42093,20.5501009640839
42095,28.6375892366449
42097,25.2876944483035
42099,25.3469919047813
42101,34.5411103100781
42103,15.5674243537894
42105,11.3129737601721
42107,21.8271901975492
42109,23.0579633896407
42111,20.2053289889458
42113,16.9488937034019
42115,16.1806631382333
42117,16.4596949537637
42119,22.934789575089
42121,19.2673740506792
42123,13.7637033971107
42125,19.8340611189251
42127,16.7209992110801
42129,21.1728207518958
42131,18.9715276473054
42133,22.2381946139775
44001,30.6757894634836
44003,36.4234059476106
44005,29.4311587093712
44007,36.679365504421
44009,29.0511579450498
45001,37.3791466414994
45003,37.722733483603
45005,40.0289307243403
45007,34.5819515295192
45009,42.4095750630049
45011,39.459704937038
45013,43.1162970154973
45015,41.5074743348763
45017,48.4177684532384
45019,46.7681168171665
45021,33.2181927874743
45023,41.8079329464221
45025,38.9142432963281
45027,45.4195729270416
45029,44.0015774966107
45031,40.5135227446156
45033,48.3441626049114
45035,45.510778231919
45037,41.2684205785946
45039,39.5788165634531
45041,47.7103360569274
45043,47.4669199688834
45045,35.628322541979
45047,40.8462866880676
45049,40.5006109413564
45051,43.8092831595629
45053,41.6604832180525
45055,39.102552545172
45057,34.3556615806353
45059,35.8928351196603
45061,39.5334370806849
45063,43.5627219072483
45065,41.5729996486305
45067,45.7629911877777
45069,42.9344167498757
45071,43.9177788052259
45073,30.2530489090877
45075,41.7844569318266
45077,31.3862805468428
45079,44.9822347860148
45081,40.6493137920622
45083,30.8369128902308
45085,45.0982362204638
45087,37.8699281249092
45089,43.826381498422
45091,34.1497391197379
46003,38.2429529504909
46005,32.2113667211244
46007,39.1508279536165
46009,32.5990010890017
46011,28.6274406409554
46013,24.8649531955919
46015,33.5160273617817
46017,39.779855203187
46019,29.9562257723498
46021,25.2457704486628
46023,36.786550734198
46025,24.0842377260321
46027,36.2441093946016
46029,24.2855683678444
46031,36.2515994198071
46033,27.8945773615521
46035,35.8743133544777
46037,24.8859338236105
46039,25.2604222751284
46041,37.1827733756579
46043,29.3629485355815
46045,27.0621664275555
46047,32.9392009403099
46049,26.4570465445909
46051,23.7366582112193
46053,35.8388045316043
46055,41.2075549890196
46057,25.9163042309315
46059,30.785833476965
46061,27.7410325963483
46063,25.3978719119214
46065,44.1610147776936
46067,30.1196541286044
46069,32.8749438499453
46071,43.1791052901021
46073,37.496592014014
46075,36.7357480198644
46077,22.9384899432742
46079,26.3178953657863
46081,20.9769527423943
46083,31.7175282303046
46085,46.4026724840625
46087,22.1586778117196
46089,29.7772034556087
46091,25.0647684488774
46093,26.5017783893484
46095,45.5323783962876
46097,31.0569123117595
46099,28.2570375058664
46101,24.2631473950301
46102,3.89911966171547
46103,25.4515106439084
46105,23.1048388521142
46107,29.3853870996709
46109,24.5031287527268
46111,32.8067377574044
46115,27.2634163029757
46117,40.9126919539186
46119,35.9100858958783
46121,43.6766589635493
46123,41.3905144464426
46125,28.8730472816972
46127,31.0208979617433
46129,27.7472858576912
46135,26.7468198840227
46137,38.1428611847296
47001,31.1861865099995
47003,36.4469266717344
47005,33.1425119810472
47007,30.192402196815
47009,33.4773097018548
47011,32.3993373791784
47013,25.4548291862729
47015,34.4106743932883
47017,33.0190797304227
47019,19.3505688848469
47021,36.5239590631195
47023,38.1075101222184
47025,21.6836920084311
47027,30.1663817816101
47029,25.7450735231816
47031,38.0440820810945
47033,40.8011172144206
47035,25.1077177653415
47037,43.3039014607845
47039,34.1591395900379
47041,29.2934550973001
47043,28.211310824376
47045,36.5820613121202
47047,41.2556827372761
47049,23.0571256352866
47051,24.887553362144
47053,45.4576060096284
47055,29.7553656059693
47057,27.3524018829364
47059,27.2332874072159
47061,26.1903788691154
47063,32.6338189580281
47065,33.1802744471198
47067,27.203351771569
47069,44.4526991323722
47071,33.9987432319145
47073,29.2245167017456
47075,43.4630409261762
47077,38.1729863323187
47079,36.4234853677636
47081,33.4348562131856
47083,34.0355345479026
47085,35.5914293339117
47087,27.6107818707966
47089,28.5439075411589
47091,10.9085065775198
47093,35.8706179474396
47095,38.1456613452123
47097,34.2377010955118
47099,37.049592988614
47101,33.2155654695394
47103,36.2355285911773
47105,33.5145421202252
47107,29.8680942841595
47109,40.3342486612116
47111,29.9114366482927
47113,34.5618772938253
47115,29.6837199464904
47117,36.347640187344
47119,39.7169244745431
47121,32.3211127057176
47123,32.5402568818271
47125,36.5166222127964
47127,30.654320497865
47129,26.3495985068684
47131,33.9416277129339
47133,28.5574637714702
47135,33.4819799337236
47137,23.6279040136744
47139,32.7344481836936
47141,29.2951476703028
47143,32.3588776530174
47145,32.7427661798479
47147,32.9549965980102
47149,37.6132788800438
47151,17.8343278057025
47153,31.5620637623805
47155,23.7571943866525
47157,36.1228162172668
47159,28.6255645959262
47161,36.1572426835583
47163,27.4494409452378
47165,36.4194628520361
47167,35.5819726028033
47169,36.7455585682981
47171,20.6868188353293
47173,25.7224276758958
47175,26.9177250166974
47177,31.5991269456593
47179,25.2917318356465
47181,35.191596506101
47183,41.6206996970863
47185,24.8294431437218
47187,33.213539521411
47189,34.4577550425533
48001,47.502416252312
48003,75.1214461564162
48005,54.3896862455725
48007,60.8891482071139
48009,69.7451620207255
48011,63.9873914265771
48013,67.8010629064707
48015,60.2444980097401
48017,66.0619745101239
48019,55.2249512221175
48021,57.2619111307613
48023,63.348264577635
48025,64.5968663424915
48027,55.227752097339
48029,66.5512641985788
48031,54.3184710279072
48033,66.0403366012287
48035,51.298088568291
48037,53.1438845495359
48039,51.3217809099757
48041,53.214953779745
48043,67.0867871809784
48045,59.9727890217634
48047,78.3094982965548
48049,65.052351153224
48051,56.3649708928979
48053,58.0483999268065
48055,58.2122925300885
48057,63.7325432403176
48059,56.1254337516756
48061,77.1008275535927
48063,54.370659740271
48065,63.7907356133214
48067,47.2684964987152
48069,59.1433091796485
48071,46.3502213808054
48073,53.6048774040344
48075,70.2084890387778
48077,56.740502104652
48079,65.1732975537891
48081,63.4849032360498
48083,62.8519746736226
48085,52.6229849321922
48087,68.2194897331512
48089,54.1370537183752
48091,61.0415118574787
48093,59.631675903774
48095,61.638627982198
48097,60.2013153248691
48099,59.4606598449534
48101,65.1466586182076
48103,75.3631124823471
48105,71.9641914171385
48107,68.8701209267319
48109,63.1305674289244
48111,55.866428575402
48113,62.4658942710414
48115,68.8508437501492
48117,63.7521254759792
48119,50.8204352750813
48121,59.5169241989878
48123,57.3111675734734
48125,62.7262121884215
48127,75.6305403532174
48129,61.636021713771
48131,75.3892158028736
48133,61.4442731777427
48135,69.7541283272189
48137,64.4628757595979
48139,59.6989653543212
48141,68.2605005594001
48143,59.7733859597289
48145,60.7781569755997
48147,49.1415890090966
48149,53.2515196032214
48151,73.6607107557911
48153,63.8237178735084
48155,64.9322123101671
48157,52.8213925136996
48159,48.1395716683987
48161,50.4175193972015
48163,75.6872434976292
48165,64.0360203697303
48167,55.2216164155833
48169,72.1264236366964
48171,57.4662242055589
48173,70.1808646117995
48175,61.0433890992792
48177,59.6174114330764
48179,60.8412796159784
48181,51.1771468730442
48183,45.4006149255192
48185,51.3452309738543
48187,64.484956021482
48189,66.9286577651951
48191,72.0197350998732
48193,58.7680070757706
48195,64.1877604450116
48197,69.7158201513733
48199,50.8063990506156
48201,53.0400082621827
48203,47.0919109855606
48205,59.7060254663464
48207,71.3296364494217
48209,59.2254639150527
48211,60.8965169434047
48213,50.8226224911763
48215,80.3333212912596
48217,57.5328117665133
48219,68.1151118884244
48221,59.2163133339596
48223,49.7687716040294
48225,52.8979747862455
48227,69.3297463772987
48229,69.773746702025
48231,56.7760576508512
48233,60.1450272075578
48235,74.8648701404234
48237,54.9696697807492
48239,59.0040631306464
48241,49.9527398547045
48243,54.3212956485555
48245,57.3279464621169
48247,79.2605937971865
48249,74.5885021800424
48251,58.4794054612307
48253,69.2041980352207
48255,64.8870669579276
48257,55.6214383071252
48259,55.5411735001228
48261,73.0404083676018
48263,65.906132631543
48265,62.6894993227976
48267,55.7053526332134
48269,65.487610440906
48271,67.1561275929701
48273,75.3259272679374
48275,70.8741991649772
48277,51.5118941098197
48279,60.1766521837915
48281,60.9775204399812
48283,76.7681918090723
48285,48.0851792521565
48287,57.8529391044961
48289,51.1088783427671
48291,46.1749114046027
48293,56.125425209564
48295,58.4561008085729
48297,67.6685908621945
48299,60.1367848453618
48301,65.1872303207887
48303,66.9792635189782
48305,67.9920239590067
48307,56.9797609910557
48309,53.2629078360073
48311,68.8155553514935
48313,56.2177602537487
48315,49.8704624236697
48317,67.0235985390227
48319,59.3457967126037
48321,55.2957758699567
48323,76.3687889797856
48325,62.1829176074378
48327,60.1360973007083
48329,71.7974063810021
48331,58.6632363997454
48333,53.644752702375
48335,65.4151120100158
48337,61.1885775424169
48339,49.6760596879338
48341,63.1290462003802
48343,45.822177370341
48345,65.9170288497675
48347,44.5973039057178
48349,56.2081033616769
48351,49.7005640981952
48353,67.5973894108063
48355,66.143392692247
48357,60.4236999601318
48359,57.6152049739845
48361,56.9858151503325
48363,67.0592873800245
48365,49.0229756651731
48367,58.6523776438994
48369,60.9111042278097
48371,71.8517329441347
48373,48.9799113650616
48375,61.2981046575623
48377,82.8795369471407
48379,47.9478553443115
48381,65.7802489858408
48383,69.3971785540222
48385,59.8949596157758
48387,46.7129632180617
48389,79.9771470418946
48391,59.8029584002879
48393,59.6632793172072
48395,50.8745695199613
48397,53.2211436786915
48399,63.2295974436173
48401,47.9565028811829
48403,46.0255334253035
48405,49.2990995811387
48407,53.1096863812165
48409,63.1540626151259
48411,62.8191687762864
48413,66.2985833426529
48415,70.8682700135094
48417,60.0044918977225
48419,50.6935706623291
48421,59.9805631990513
48423,47.7232010766716
48425,51.7327413276234
48427,81.0512944243947
48429,66.4609808035382
48431,66.845209620668
48433,69.5587263653791
48435,68.5103343211126
48437,59.93913946123
48439,58.6685265186274
48441,68.1206339514416
48443,75.5563873522722
48445,66.513342453541
48447,64.3149820099409
48449,51.9761136702736
48451,69.0174004065003
48453,63.1610883877858
48455,51.1324089021565
48457,44.6889384629669
48459,48.2579640587749
48461,77.0877624815369
48463,66.2411177715342
48465,75.3275941368283
48467,49.9653605964376
48469,59.8084231061672
48471,52.8952442929035
48473,56.3947352699981
48475,74.2733253566053
48477,54.6849585724848
48479,88.9359449751944
48481,55.4169916092382
48483,59.8192394986847
48485,62.9488982188312
48487,72.7815849620035
48489,69.6339569127116
48491,54.5846874586679
48493,65.482102277983
48495,80.87180022308
48497,56.8304712491661
48499,50.3669500839359
48501,63.1254667020366
48503,66.4518346477148
48505,81.4211447378554
48507,83.3336753877234
49001,28.5178356444942
49003,36.0060647938913
49005,38.0270936433373
49007,21.1835650484968
49009,14.4309040195558
49011,44.7155440805789
49013,38.1902063030815
49015,31.1478272058219
49017,36.042530542509
49019,35.809504731584
49021,32.6316156614275
49023,44.555346089144
49025,47.0038240523889
49027,42.6782135094316
49029,28.1966306124662
49031,21.9427930209761
49033,20.1115458591726
49035,49.2161244843655
49037,41.3963919037511
49039,25.8597153205876
49041,23.7568439201582
49043,23.8814744536721
49045,43.8282583143245
49047,37.9432175284153
49049,37.2769392764788
49051,23.6998750934601
49053,58.7907797332914
49055,47.4260825938857
49057,46.0849782811702
50001,15.6181560989161
50003,16.9684757674336
50005,19.8872782705868
50007,29.5263862346803
50009,14.4793902037504
50011,22.6825138181232
50013,19.0052780322788
50015,16.1400534810786
50017,18.2881689382508
50019,14.5467643903612
50021,13.4840476389102
50023,14.0856314385436
50025,16.1543552030044
50027,19.3025094843383
51001,34.9731652260839
51003,22.7387213674821
51005,25.1506490688824
51007,31.9769126129918
51009,27.3721401585911
51011,28.4809276147145
51013,38.9612697138124
51015,27.3039737414081
51017,24.4823188588894
51019,25.7243762716326
51021,19.9206752681428
51023,28.9976819402309
51025,31.7339982085732
51027,16.1146661118523
51029,33.6730526674164
51031,28.2526243817855
51033,33.3659410001781
51035,20.407037087806
51036,36.485393822034
51037,31.3081909197768
51041,38.3883015709887
51043,28.4409439231675
51045,19.1173375219898
51047,32.0596360496048
51049,35.1849833019239
51051,25.7937403849027
51053,33.4116238535425
51057,36.2974983847818
51059,35.8867545314646
51061,29.6685555160723
51063,25.1188382405925
51065,28.4181618273995
51067,26.2826886656797
51069,20.9803073767126
51071,21.1499125180583
51073,27.3557497655426
51075,35.8285637666584
51077,16.896738655494
51079,27.1501316390488
51081,37.5585361169995
51083,38.3873174912312
51085,28.16582960047
51087,36.7061197748015
51089,29.8790270538863
51091,20.4151203133932
51093,39.5422964863287
51095,32.6973385970866
51097,35.572787698489
51099,31.2802407833835
51101,33.6331937034222
51103,33.3900705366807
51105,21.009392527261
51107,35.4177806321259
51109,30.8784558070385
51111,33.306108281029
51113,34.6516119375647
51115,31.3594144242322
51117,30.0172810343748
51119,30.7138243417447
51121,22.0495790726235
51125,23.301066701591
51127,31.1623151992877
51131,33.4039242911964
51133,33.3322913592096
51135,28.1830667283688
51137,31.5153495671556
51139,21.442224021617
51141,20.8179631256729
51143,26.2755930434047
51145,33.1972511267474
51147,28.5383708034142
51149,37.9527379638085
51153,34.5564873338382
51155,15.1220592042896
51157,24.7383791261936
51159,35.1513621854281
51161,28.2216636888996
51163,29.5543075539582
51165,28.284518535187
51167,21.0278269815207
51169,25.0989836972917
51171,23.6733603421774
51173,14.5593550153602
51175,36.1008544889921
51177,34.1009277066351
51179,28.9961560669433
51181,38.3959541893656
51183,40.8018851889173
51185,14.5820032474982
51187,26.7100795050115
51191,23.3685501218501
51193,32.5020219891342
51195,20.4303839188529
51197,15.5858509414918
51199,35.9321053517858
51510,33.8656647568078
51520,23.9948330209258
51530,23.968672072703
51540,34.0980763519015
51550,30.4350999405128
51570,43.2951153159005
51580,19.1646893604911
51590,30.1919761505113
51595,34.2479384719332
51600,32.1882349713588
51610,34.7258828377256
51620,37.9754824579033
51630,34.4826143818803
51640,19.161263996155
51650,38.9816728892414
51660,19.8747534987177
51670,38.4392733449594
51678,31.1946785261641
51680,29.7356382286923
51683,34.3176572850671
51685,35.4239783361814
51690,29.1244359463199
51700,40.8288945952031
51710,38.5635919441684
51720,23.5954091899708
51730,38.887266011923
51735,35.6133884827521
51740,38.2512542499843
51750,23.2133128677703
51760,34.1301971677886
51770,31.4299769491483
51775,24.3430454185284
51790,32.4535263129987
51800,36.268316004335
51810,34.7114481831247
51820,26.5583522841005
51830,37.5138139277366
51840,26.2149219536131
53001,48.8753253274514
53003,39.0377540899305
53005,49.3416537075926
53007,35.1020381326312
53009,17.5475805162139
53011,30.2239560787981
53013,46.8594794668918
53015,25.164426262826
53017,44.1813799229375
53019,26.2216189931824
53021,51.6202386146443
53023,38.8404704055764
53025,44.8721185571085
53027,20.0502563588023
53029,16.1811936768133
53031,18.5745176817728
53033,30.6547468666575
53035,24.4502061664989
53037,36.2353579251158
53039,42.7034579323393
53041,18.7063965692318
53043,38.5919866731774
53045,27.9734903465264
53047,35.9197628711894
53049,10.5429101472565
53051,30.7443437766935
53053,26.5038828417996
53055,18.0511969427771
53057,19.1085643498082
53059,29.2000566327379
53061,25.3383734229136
53063,44.344293651806
53065,31.5775771008659
53067,24.8838645993724
53069,20.1349159012413
53071,46.9099611345386
53073,19.0361806416163
53075,37.4897570500163
53077,49.7429351647013
54001,18.3267498557065
54003,20.2533963344319
54005,20.8598041537028
54007,21.8384648228639
54009,19.9456007634152
54011,30.2442754910424
54013,22.7552125766766
54015,24.9846445069626
54017,19.7573901916099
54019,19.5517348921776
54021,23.6761475575811
54023,19.3151089109362
54025,18.4639089321776
54027,24.9830292009396
54029,23.5076699562968
54031,26.8291798961952
54033,22.5629219708298
54035,26.9825731366746
54037,34.1711244694716
54039,26.4345092993529
54041,23.4076092911365
54043,20.4003148463831
54045,20.71395275392
54047,20.1422867402947
54049,27.090266728575
54051,18.1410875348278
54053,25.459726116857
54055,20.2011338963986
54057,21.8227412845393
54059,23.4863435393331
54061,19.4713852910917
54063,26.4797992245231
54065,27.2709515182917
54067,14.45807472827
54069,15.597493573416
54071,20.4814073036606
54073,22.2583749498359
54075,12.3480349556648
54077,11.4362379683801
54079,26.8535636936607
54081,19.4007084622833
54083,16.0043496696674
54085,27.6124948808074
54087,22.7227453831753
54089,20.8056349277264
54091,22.7471470594322
54093,10.728883042146
54095,18.6706465642329
54097,20.879714233854
54099,25.7058981565924
54101,19.137219333303
54103,19.9626496016913
54105,23.5487774914525
54107,24.8065636954162
54109,17.7598959490339
55001,14.515999720586
55003,22.594147855633
55005,16.9408871902914
55007,17.2460056710209
55009,16.8295899065052
55011,16.2610149508558
55013,16.4334206067101
55015,18.049907167314
55017,22.4100476122925
55019,12.4886996561889
55021,19.4810789530807
55023,18.7966699313457
55025,24.3468488510055
55027,15.4565434359832
55029,6.28224270907318
55031,13.5503718105706
55033,21.6967122808487
55035,16.8879418019974
55037,10.6381327998893
55039,19.8748409876629
55041,12.1664049038165
55043,16.2918980664414
55045,21.951002098205
55047,17.7207055313863
55049,17.7708855102085
55051,12.2128201796296
55053,18.6315468068739
55055,19.4419872946346
55057,14.9151989272013
55059,20.1841725368634
55061,14.2157098455266
55063,22.4915428567346
55065,19.0333689740009
55067,18.0581532352629
55069,19.0178448034104
55071,15.1844233412535
55073,13.8947387632597
55075,21.6111208497803
55077,19.3435460253828
55078,20.7566810981549
55079,20.3521758323966
55081,17.451941333438
55083,18.7555245538615
55085,16.7595671666063
55087,19.095113947702
55089,19.6991498475877
55091,23.5502852473659
55093,16.382497701023
55095,19.73346347543
55097,18.5670320242525
55099,16.0516099468666
55101,14.3157035003698
55103,15.8391325779961
55105,24.5450502082453
55107,13.9856209901885
55109,21.0546275912758
55111,16.7800942054231
55113,15.0841157534013
55115,24.0040300285864
55117,19.9722676522191
55119,12.831586675254
55121,19.7768354275384
55123,19.739826460226
55125,15.4584905350861
55127,16.2314369756009
55129,15.0538344762025
55131,14.883565390538
55133,18.3644593145511
55135,22.4735007631226
55137,24.5075829524169
55139,21.7935263877331
55141,18.7431817055342
56001,18.1518710262815
56003,34.4737837482845
56005,35.3914630031779
56007,21.4485511146059
56009,34.3523448704942
56011,31.2805778729328
56013,35.7511686293726
56015,40.5425642673542
56017,38.1858522772549
56019,32.0103221521526
56021,20.9151755865716
56023,19.4305857644487
56025,33.2052877765779
56027,39.5844963921433
56029,14.786565938161
56031,36.5461342260137
56033,25.9829714930868
56035,14.697461345731
56037,26.0440055766716
56039,15.7349159374886
56041,21.0635912167406
56043,37.322552812266
56045,32.6382085298182
